<?xml version="1.0" encoding="UTF-8"?>

<!-- DTD 추가 -->
<!DOCTYPE memberList 
[
<!ELEMENT memberList (memberInfo+)>
<!ELEMENT memberInfo (name, telephone, curriculumn?)>
<!ELEMENT name (#PCDATA)>
<!ELEMENT telephone (#PCDATA)>
<!ELEMENT curriculumn (sub+)>
<!ELEMENT sub (#PCDATA)>
<!ATTLIST memberInfo mid CDATA #IMPLIED>
]>

<memberList>
	<!-- 루트 엘리먼트는 하나 -->
	<!-- 루트 엘리먼트 이름은 『~~.xml』 파일 이름과 동일한 이름 사용 -->
	<!-- 개인 정보를 표현할 수 있는 문서 작성 -->
	<!-- 복수의 데이터를 표현하는 경우 중간에 적절한 부모 태그 지정 -->
	<!-- 동일한 이름을 가진 엘리먼트인 경우 적절한 속성과 값 부여 -->
	<!-- 엘리먼트 하위에는 엘리먼트 또는 데이터만 나올 수 있도록 처리 -->
	<!-- 특수문자가 포함된 데이터인 경우 CDATA 섹션으로 처리 -->
	<memberInfo mid="1">
		<name>김태균</name>
		<telephone><![CDATA[010-1212-1212]]></telephone>
		<curriculumn>
			<sub>JAVA SE</sub>
			<sub>ORACLE</sub>
			<sub><![CDATA[Servlet&JSP]]></sub>
		</curriculumn>
	</memberInfo>
	<memberInfo mid="2">
		<name>김혜지</name>
		<telephone><![CDATA[010-3434-3434]]></telephone>
	</memberInfo>
</memberList>












